{
	"class_name" : "PinholeCameraParameters",
	"extrinsic" : 
	[
		0.99997642390393437,
		-0.0041418279697958398,
		0.0054769423374394603,
		0.0,
		-0.0014682931568330265,
		-0.90813361706164641,
		-0.41867789251133952,
		0.0,
		0.0067078872608756059,
		0.41865997996417065,
		-0.90811828823391494,
		0.0,
		-0.41185492266070939,
		-0.23134927823078111,
		1.3183760161268359,
		1.0
	],
	"intrinsic" : 
	{
		"height" : 540,
		"intrinsic_matrix" : 
		[
			467.65371804359688,
			0.0,
			0.0,
			0.0,
			467.65371804359688,
			0.0,
			509.5,
			269.5,
			1.0
		],
		"width" : 1020
	},
	"version_major" : 1,
	"version_minor" : 0
}